date,shop_id,name,url
2026-08-29,cardstore-cz,Pokémon TCG ME01 Mega Evolutions Booster Box,https://www.cardstore.cz/pokemon-tcg-me01-mega-evolutions-booster-box/
2026-08-29,cardstore-cz,Pokémon TCG: SV03 Obsidian Flames - Booster Box,https://www.cardstore.cz/obsidian-flames-booster-box/
2026-08-29,cardstore-cz,Pokémon TCG: SV02 Paldea Evolved - Elite Trainer Box,https://www.cardstore.cz/paldea-etb/
2026-08-29,pompo-cz,Pokémon TCG: SV10 Destined Rivals - Elite Trainer Box,https://pompo.cz/pokemon-tcg-sv10-destined-rivals-elite-trainer-box_z236312/
2026-08-29,pompo-cz,Pokémon TCG: SV10 Destined Rivals - Booster,https://pompo.cz/pokemon-tcg-sv10-destined-rivals-booster_z236308/
2026-08-29,pompo-cz,"Pokémon TCG: ME02 Phantasmal Flames - Booster, více druhů",https://pompo.cz/pokemon-tcg-me02-phantasmal-flames-booster-vice-druhu_z257048/
2026-08-29,pompo-cz,Pokémon TCG: ME01 - Mega Evolution Booster,https://pompo.cz/pokemon-tcg-me01-mega-evolution-booster_z254907/
2026-08-29,pompo-cz,Pokémon TCG: SV08 - Booster,https://pompo.cz/pokemon-tcg-sv08-booster_z217376/
2026-08-29,pompo-sk,"Pokémon TCG: ME02 Phantasmal Flames - Booster, viac druhov",https://pompo.sk/pokemon-tcg-me02-phantasmal-flames-booster-viac-druhov_z257048/
2026-08-29,digihry-sk,Pokémon TCG: SV10.5 White Flare Booster bundle,https://www.digihry.sk/p-16006/pokemon-tcg-sv10-5-white-flare-booster-bundle-tcg
2026-08-29,digihry-sk,Pokémon TCG: SV10.5 Black Bolt booster bundle,https://www.digihry.sk/p-16005/pokemon-tcg-sv10-5-black-bolt-booster-bundle-tcg
2026-08-29,digihry-sk,Pokémon TCG: SV02 Paldea Evolved - Booster Box,https://www.digihry.sk/p-11617/pokemon-tcg-sv02-paldea-evolved-booster-box-tcg
2026-08-29,digihry-sk,Pokémon TCG: SV10 Destined Rivals - Booster box,https://www.digihry.sk/p-15139/pokemon-tcg-sv10-destined-rivals-booster-box-tcg
2026-08-29,digihry-sk,Pokémon TCG: SV6.5 - Shrouded fable - Booster Bundle,https://www.digihry.sk/p-11820/pokemon-tcg-sv6-5-shrouded-fable-booster-bundle-tcg
2026-08-29,digihry-sk,Pokémon TCG: SV07 Stellar Crown - Booster Box,https://www.digihry.sk/p-12323/pokemon-tcg-sv07-stellar-crown-booster-box-tcg
2026-08-29,digihry-sk,Pokémon TCG: ME02 Phantasmal Flames - Booster box,https://www.digihry.sk/p-16488/pokemon-tcg-me02-phantasmal-flames-booster-box-tcg
2026-08-29,digihry-sk,Pokémon TCG: SV04 Paradox Rift - Booster Box,https://www.digihry.sk/p-11611/pokemon-tcg-sv04-paradox-rift-booster-box-tcg
2026-08-29,digihry-sk,Pokémon TCG: SV01 - Booster Box,https://www.digihry.sk/p-11613/pokemon-tcg-sv01-booster-box-tcg
2026-08-29,digihry-sk,Pokémon TCG: ME02 Phantasmal Flames - Booster Bundle,https://www.digihry.sk/p-16486/pokemon-tcg-me02-phantasmal-flames-booster-bundle-tcg
2026-08-29,digihry-sk,Pokémon TCG: SV05 Temporal Forces - Booster Box,https://www.digihry.sk/p-12047/pokemon-tcg-sv05-temporal-forces-booster-box-tcg
2026-08-29,digihry-sk,Pokémon TCG: Temporal Forces SV05 Half Booster Box,https://www.digihry.sk/p-14200/pokemon-tcg-temporal-forces-sv05-half-booster-box-tcg
2026-08-29,digihry-sk,Pokémon TCG: SV02 Paldea Evolved - Booster,https://www.digihry.sk/p-15922/pokemon-tcg-sv02-paldea-evolved-booster-tcg
2026-08-29,tcg4you-cz,Pokémon TCG: SV10.5 White Flare - Booster Bundle,https://www.tcg4you.cz/pokemon-tcg--sv10-5-white-flare-booster-bundle/
2026-08-29,tcg4you-cz,Pokémon TCG: SV6.5 Shrouded Fable - Elite Trainer Box,https://www.tcg4you.cz/pokemon-tcg--sv6-5-shrouded-fable-elite-trainer-box/
2026-08-29,tcg4you-cz,Pokémon TCG: SV10.5 Black Bolt - Elite Trainer Box,https://www.tcg4you.cz/pokemon-tcg--sv10-5-black-bolt-elite-trainer-box/
2026-08-29,ccplanet-sk,Pokémon TCG: SV10 The Glory of the Team Rocket Booster JAP,https://www.ccplanet.sk/pokemon-tcg--sv10-the-glory-of-the-team-rocket-booster-jap/
2026-08-29,ccplanet-sk,Pokémon TCG: SV09 Journey Together - Booster,https://www.ccplanet.sk/pokemon-tcg--sv09-journey-together-booster/
2026-08-29,ccplanet-sk,Pokémon TCG: SV03 Obsidian Flames - Booster,https://www.ccplanet.sk/pokemon-tcg--sv03-obsidian-flames-booster-2/
2026-08-29,ccplanet-sk,Pokémon TCG: SV07 Stellar Crown Booster,https://www.ccplanet.sk/pokemon-tcg--sv07-stellar-crown-booster/
2026-08-29,ccplanet-sk,Pokémon TCG: SV05 Temporal Forces – Booster,https://www.ccplanet.sk/pokemon-tcg--sv05-temporal-forces---booster/
2026-08-29,ccplanet-sk,Pokémon TCG: SV01 Scarlet & Violet - Booster,https://www.ccplanet.sk/pokemon-tcg--sv01-scarlet-violet-booster/
2026-08-29,ccplanet-sk,Pokémon TCG: SV04 Paradox Rift - Booster,https://www.ccplanet.sk/pokemon-tcg--sv04-paradox-rift-booster/
2026-08-29,ccplanet-sk,Pokémon TCG: SV09 Journey Together - Booster Box,https://www.ccplanet.sk/pokemon-tcg--sv09-journey-together-booster-box/
